id,name,dob,phone,email,occupation
1,Ludwig,2000-08-01T02:23:34Z,7974128501,lmacconnulty0@netlog.com,donec
2,Tedie,2001-06-29T09:53:28Z,9214696003,tjoy1@buzzfeed.com,eros
3,Rick,1999-10-13T18:55:38Z,2889683910,rgauvin2@twitpic.com,turpis
4,Car,2002-03-02T17:58:10Z,7895045660,colney3@deviantart.com,consectetuer
5,Keven,1999-08-08T15:39:34Z,8979870532,kgipps4@tinyurl.com,vulputate
6,Horace,2001-07-08T09:58:23Z,7339736199,hwarmisham5@weebly.com,sodales
7,Abbe,1999-07-12T08:44:27Z,3593717732,akillner6@fema.gov,pede
8,Earlie,2002-03-04T01:39:43Z,8066290390,eculshew7@devhub.com,curae
9,Zachary,2002-07-04T04:25:31Z,1106995102,zdaubney8@cornell.edu,purus
10,Morley,2002-10-04T07:16:01Z,9032695974,mhopewell9@indiegogo.com,in
11,Garrard,2002-09-25T08:13:09Z,9624859105,gstubleya@parallels.com,id
12,Earle,2001-12-05T08:38:24Z,9551565332,ealdwichb@phpbb.com,mauris
13,Orlando,2001-11-28T11:54:35Z,4252720397,oliebermannc@harvard.edu,ligula
14,Davie,2001-02-04T17:20:58Z,6701298986,dvanbrughd@howstuffworks.com,in
15,Merwin,1999-10-30T12:02:51Z,5904532160,mfibbite@alexa.com,curabitur
16,Trever,2000-11-24T10:33:07Z,7974086594,tranklinf@github.com,sit
17,Hercules,2001-03-03T20:20:19Z,7644155813,hmesiasg@businessinsider.com,luctus
18,Yves,2002-12-27T18:53:27Z,2581423173,ysimonnoth@so-net.ne.jp,dui
19,Kleon,1999-10-05T18:11:52Z,8826294916,klauderdalei@netlog.com,et
20,Gage,1999-04-18T02:20:05Z,5238384773,gheinertj@omniture.com,iaculis
21,Jonah,2000-11-14T16:15:28Z,6103479240,jprovestk@last.fm,aenean
22,Parnell,2001-06-18T23:54:29Z,8743045686,plaviellel@amazonaws.com,vestibulum
23,Allister,1999-07-06T04:01:30Z,3093783661,apaddingdonm@thetimes.co.uk,amet
24,Stanly,1999-03-11T04:24:49Z,4801494339,smulvyn@ocn.ne.jp,eros
25,Woodman,2000-02-15T14:02:34Z,9996853799,wspighto@list-manage.com,aliquet
26,Luigi,2002-05-09T13:04:24Z,1335549345,lbrockiep@addthis.com,at
27,Gal,1999-07-03T09:53:49Z,6934640130,gchampleyq@de.vu,consequat
28,Monti,1999-01-28T18:12:52Z,2566488850,mroddamr@unblog.fr,sagittis
29,Adriano,2000-09-01T08:40:12Z,7274136041,ashyrams@springer.com,diam
30,Ode,1999-10-28T11:04:12Z,2156371512,ovadert@cpanel.net,ac
31,Desi,1999-11-17T00:12:39Z,3385845013,dvercruysseu@ed.gov,feugiat
32,Clayborne,1999-05-21T23:05:58Z,4057045921,ckabosv@moonfruit.com,ultrices
33,Tucky,2002-07-13T15:00:31Z,1114634868,tlowndsw@netscape.com,eros
34,Nikita,2001-05-23T11:50:02Z,2851647954,ncuolahanx@blogger.com,orci
35,Jack,1999-05-05T20:43:05Z,7687280532,jtolleyy@wix.com,odio
36,Gib,2000-12-03T04:23:34Z,6497312196,gballancez@examiner.com,vitae
37,Collin,2000-06-22T12:29:25Z,5309010138,cjoel10@cornell.edu,vestibulum
38,Tiebout,2002-04-19T12:53:25Z,3371965719,tgherardini11@nps.gov,tincidunt
39,Eldon,2000-03-22T00:27:55Z,4476029191,epurvess12@ifeng.com,lobortis
40,Monroe,2001-02-10T07:17:40Z,1614808884,mtearle13@wordpress.org,integer
41,Wakefield,2002-08-14T05:31:55Z,1881986896,wgamet14@hubpages.com,etiam
42,Abbe,2002-04-10T00:38:52Z,9454750052,adelia15@bluehost.com,ipsum
43,Bard,1999-11-08T02:27:42Z,9569372521,bcamblin16@imageshack.us,rhoncus
44,Arthur,1999-10-26T16:09:59Z,8535341075,asalvage17@vk.com,dapibus
45,Arnoldo,1999-08-14T08:10:15Z,6758365012,afeathers18@lycos.com,in
46,Purcell,2001-08-24T16:33:14Z,7342581567,pellis19@goo.ne.jp,ante
47,Kliment,2002-11-03T22:45:08Z,7181804758,kcallway1a@mtv.com,ante
48,Dill,2001-01-06T03:40:11Z,4115759123,dtayler1b@indiegogo.com,congue
49,Dewie,1999-05-12T04:50:55Z,1397606905,dmosconi1c@uiuc.edu,non
50,Farrel,2000-06-17T22:04:02Z,8859646342,fstrephan1d@goo.gl,odio
51,Kasper,2002-01-31T19:50:43Z,6729515711,kbruster1e@hexun.com,tortor
52,Grover,2001-08-31T18:34:28Z,3791225199,ggopsell1f@amazon.de,ac
53,Edwin,2002-10-30T20:24:19Z,6756337044,erafferty1g@unc.edu,imperdiet
54,Jerald,2001-10-26T17:55:03Z,7792094868,jjobbins1h@cdbaby.com,urna
55,Zack,1999-11-18T13:02:23Z,3417383978,zorable1i@phpbb.com,in
56,Hurley,2002-07-12T02:44:40Z,7048122526,hbrake1j@github.io,libero
57,Artair,1999-06-30T07:40:49Z,7177543619,afreshwater1k@moonfruit.com,sem
58,Wylie,2001-11-28T15:35:19Z,1985743169,wgiorgio1l@go.com,tristique
59,Hewie,2001-09-03T03:00:39Z,6863398295,hpauleit1m@ehow.com,eget
60,Burnaby,1999-03-20T08:33:21Z,1384730455,bpietzker1n@clickbank.net,amet
